group_id,question_ids,model
MMLU_ARRANGED_GROUP_001,"MMLU_global_facts_WhatIsThe_0029,MMLU_formal_logic_UseTheFollowing_0005,MMLU_business_ethics_________,WhereFor_0006,MMLU_business_ethics_AccordingToEvan_0096",meta-llama/llama-4-scout
MMLU_ARRANGED_GROUP_002,"MMLU_global_facts_AsOf2019,_0043,MMLU_high_school_geography_WhichOneOf_0017,MMLU_international_law_WhatOtherCriteria_0033,MMLU_high_school_mathematics_WhichOfThe_0100",meta-llama/llama-4-scout
MMLU_ARRANGED_GROUP_003,"MMLU_moral_scenarios_ForWhichOf_0046,MMLU_high_school_geography_ACityThat_0095,MMLU_high_school_mathematics_HowManyPositive_0024,MMLU_moral_scenarios_ForWhichOf_0043",meta-llama/llama-4-scout
MMLU_ARRANGED_GROUP_004,"MMLU_college_physics_TheQuantumEfficiency_0034,MMLU_high_school_mathematics_RoslynHasTwenty_0070,MMLU_moral_scenarios_ForWhichOf_0082,MMLU_miscellaneous_WhichOfThese_0090",meta-llama/llama-4-scout
MMLU_ARRANGED_GROUP_005,"MMLU_international_law_HowCanThe_0047,MMLU_global_facts_WhatIsThe_0074,MMLU_business_ethics_TheNeedTo_0085,MMLU_business_ethics_ReplacingSupplyChains_0066",meta-llama/llama-4-scout
MMLU_ARRANGED_GROUP_006,"MMLU_miscellaneous_WhatFrenchCity_0022,MMLU_formal_logic_ConstructAComplete_0012,MMLU_abstract_algebra_Statement1|_0043,MMLU_college_physics_TheCoefficientOf_0012",meta-llama/llama-4-scout
MMLU_ARRANGED_GROUP_007,"MMLU_business_ethics____________,___________And_0024,MMLU_moral_scenarios_ForWhichOf_0032,MMLU_global_facts_AsOf2018,_0030,MMLU_international_law_WhatIsThe_0041",meta-llama/llama-4-scout
MMLU_ARRANGED_GROUP_008,"MMLU_high_school_geography_WhichOfThe_0007,MMLU_abstract_algebra_Statement1|_0091,MMLU_miscellaneous_InBowlingHow_0072,MMLU_high_school_mathematics_ThePolynomialWhich_0018",meta-llama/llama-4-scout
MMLU_ARRANGED_GROUP_009,"MMLU_abstract_algebra_FindTheCharacteristic_0074,MMLU_abstract_algebra_Statement1|_0035,MMLU_abstract_algebra_DetermineWhetherThe_0038,MMLU_high_school_geography_OfThese,The_0047",meta-llama/llama-4-scout
MMLU_ARRANGED_GROUP_010,"MMLU_global_facts_AsOf2017,_0051,MMLU_business_ethics_______IsThe_0094,MMLU_moral_scenarios_ForWhichOf_0071,MMLU_high_school_mathematics_An8.5-by-11-inchPiece_0038",meta-llama/llama-4-scout
MMLU_ARRANGED_GROUP_011,"MMLU_international_law_WhichOneOf_0082,MMLU_international_law_WhatIsThe_0009,MMLU_high_school_geography_EarlySettlementsAnd_0010,MMLU_abstract_algebra_Statement1|_0056",meta-llama/llama-4-scout
MMLU_ARRANGED_GROUP_012,"MMLU_international_law_WhoHasThe_0068,MMLU_business_ethics_HealthyEating,Particularly_0088,MMLU_moral_scenarios_ForWhichOf_0069,MMLU_college_physics_AMagneticField_0030",meta-llama/llama-4-scout
MMLU_ARRANGED_GROUP_013,"MMLU_formal_logic_UseIndirectTruth_0030,MMLU_international_law_MagnaCartaWas_0017,MMLU_international_law_WasTheUse_0080,MMLU_global_facts_BeforeNixonResigned_0100",meta-llama/llama-4-scout
MMLU_ARRANGED_GROUP_014,"MMLU_high_school_mathematics_If$f(x)=_0050,MMLU_business_ethics_InsiderTradingUndermines_0072,MMLU_high_school_mathematics_ASequenceOf_0075,MMLU_high_school_geography_NewStoresOpening_0061",meta-llama/llama-4-scout
MMLU_ARRANGED_GROUP_015,"MMLU_formal_logic_SelectTheBest_0075,MMLU_moral_scenarios_ForWhichOf_0035,MMLU_college_physics_UnderCertainConditions,_0043,MMLU_formal_logic_IdentifyTheConclusion_0062",meta-llama/llama-4-scout
MMLU_ARRANGED_GROUP_016,"MMLU_abstract_algebra_Statement1|_0060,MMLU_business_ethics_PickTheCorrect_0035,MMLU_miscellaneous_WhichOfThe_0085,MMLU_global_facts_AsOf2019,_0028",meta-llama/llama-4-scout
MMLU_ARRANGED_GROUP_017,"MMLU_abstract_algebra_UsingFermat'sTheorem,_0073,MMLU_business_ethics_EthicalIssuesRelated_0031,MMLU_moral_scenarios_ForWhichOf_0092,MMLU_high_school_mathematics_ThePositiveSquare_0073",meta-llama/llama-4-scout
MMLU_ARRANGED_GROUP_018,"MMLU_international_law_WhatIsThe_0083,MMLU_moral_scenarios_ForWhichOf_0007,MMLU_business_ethics_____________RefersTo_0037,MMLU_international_law_WhatDoesThe_0098",meta-llama/llama-4-scout
MMLU_ARRANGED_GROUP_019,"MMLU_global_facts_ConsiderTheFollowing_0085,MMLU_high_school_geography_YouArePlanning_0079,MMLU_abstract_algebra_FindAllZeros_0097,MMLU_college_physics_AUniformSolid_0044",meta-llama/llama-4-scout
MMLU_ARRANGED_GROUP_020,"MMLU_global_facts_AsOf2019,_0017,MMLU_college_physics_TheNegativeMuon,_0038,MMLU_global_facts_AboutWhatPercentage_0015,MMLU_high_school_mathematics_JohnDividedHis_0006",meta-llama/llama-4-scout
MMLU_ARRANGED_GROUP_021,"MMLU_global_facts_AsOf2019,_0012,MMLU_moral_scenarios_ForWhichOf_0004,MMLU_moral_scenarios_ForWhichOf_0054,MMLU_high_school_mathematics_WhatIsThe_0013",meta-llama/llama-4-scout
MMLU_ARRANGED_GROUP_022,"MMLU_business_ethics_DemandReduction._0041,MMLU_formal_logic_ConstructAComplete_0082,MMLU_global_facts_AsOf2015,_0080,MMLU_moral_scenarios_ForWhichOf_0089",meta-llama/llama-4-scout
MMLU_ARRANGED_GROUP_023,"MMLU_moral_scenarios_ForWhichOf_0056,MMLU_business_ethics_________AreA_0099,MMLU_global_facts_In2016,What_0032,MMLU_business_ethics________WorkingPractices_0010",meta-llama/llama-4-scout
MMLU_ARRANGED_GROUP_024,"MMLU_high_school_geography_PartOfThe_0098,MMLU_miscellaneous_WhoLedThe_0035,MMLU_international_law_DoTreatiesBind_0037,MMLU_high_school_mathematics_WeRollA_0009",meta-llama/llama-4-scout
MMLU_ARRANGED_GROUP_025,"MMLU_college_physics_AnAstronomerObserves_0027,MMLU_moral_scenarios_ForWhichOf_0051,MMLU_high_school_mathematics_WhatIsThe_0032,MMLU_international_law_DoThirdStates_0060",meta-llama/llama-4-scout
MMLU_ARRANGED_GROUP_026,"MMLU_global_facts_WhatWasGdp_0019,MMLU_miscellaneous_WhatDoYou_0023,MMLU_moral_scenarios_ForWhichOf_0030,MMLU_business_ethics_ThereAreTwo_0073",meta-llama/llama-4-scout
MMLU_ARRANGED_GROUP_027,"MMLU_miscellaneous_WhatWereThe_0005,MMLU_global_facts_AsOf2017,_0018,MMLU_global_facts_WhichOfThe_0088,MMLU_college_physics_DeBroglieHypothesized_0009",meta-llama/llama-4-scout
MMLU_ARRANGED_GROUP_028,"MMLU_global_facts_AsOf2018,_0011,MMLU_abstract_algebra_FindAllC_0052,MMLU_moral_scenarios_ForWhichOf_0073,MMLU_moral_scenarios_ForWhichOf_0050",meta-llama/llama-4-scout
MMLU_ARRANGED_GROUP_029,"MMLU_abstract_algebra_FindTheGenerator_0039,MMLU_college_physics_TheQuantumEfficiency_0001,MMLU_formal_logic_WhichOfThe_0028,MMLU_moral_scenarios_ForWhichOf_0070",meta-llama/llama-4-scout
MMLU_ARRANGED_GROUP_030,"MMLU_high_school_geography_AnEarlierBoundary_0048,MMLU_global_facts_AsOf2019,_0040,MMLU_miscellaneous_WhatAnimalRepresents_0018,MMLU_high_school_geography_WhichFormOf_0008",meta-llama/llama-4-scout
MMLU_ARRANGED_GROUP_031,"MMLU_abstract_algebra_DetermineWhetherThe_0028,MMLU_high_school_mathematics_InParallelogram$abcd$,_0027,MMLU_college_physics_TheDriverOf_0084,MMLU_business_ethics_TheEnforcementOf_0047",meta-llama/llama-4-scout
MMLU_ARRANGED_GROUP_032,"MMLU_high_school_geography_WhichOfThe_0089,MMLU_international_law_HowAreThe_0052,MMLU_moral_scenarios_ForWhichOf_0020,MMLU_college_physics_IfTheAbsolute_0058",meta-llama/llama-4-scout
MMLU_ARRANGED_GROUP_033,"MMLU_abstract_algebra_Statement1|_0023,MMLU_abstract_algebra_FindTheCharacteristic_0042,MMLU_international_law_WhichOneOf_0007,MMLU_business_ethics_HowTheCode_0095",meta-llama/llama-4-scout
MMLU_ARRANGED_GROUP_034,"MMLU_high_school_geography_TheTendencyFor_0003,MMLU_moral_scenarios_ForWhichOf_0065,MMLU_formal_logic_UseIndirectTruth_0049,MMLU_formal_logic_UseTheFollowing_0063",meta-llama/llama-4-scout
MMLU_ARRANGED_GROUP_035,"MMLU_miscellaneous_WhichOfThese_0053,MMLU_miscellaneous_WhatKindOf_0054,MMLU_college_physics_TheSpeedOf_0092,MMLU_international_law_IsTheIcj_0058",meta-llama/llama-4-scout
MMLU_ARRANGED_GROUP_036,"MMLU_business_ethics_WhichOfThe_0017,MMLU_high_school_geography_OneOfThe_0036,MMLU_miscellaneous_WhichOfThe_0100,MMLU_high_school_mathematics_WhatIsThe_0047",meta-llama/llama-4-scout
MMLU_ARRANGED_GROUP_037,"MMLU_miscellaneous_PresidentAbrahamLincoln's_0095,MMLU_abstract_algebra_FindTheNumber_0098,MMLU_miscellaneous_WhatIsThe_0026,MMLU_moral_scenarios_ForWhichOf_0062",meta-llama/llama-4-scout
MMLU_ARRANGED_GROUP_038,"MMLU_business_ethics_FactorsThatImpact_0061,MMLU_high_school_geography_InWhichUrban_0019,MMLU_moral_scenarios_ForWhichOf_0012,MMLU_high_school_mathematics_HowManyPalindromes_0082",meta-llama/llama-4-scout
MMLU_ARRANGED_GROUP_039,"MMLU_moral_scenarios_ForWhichOf_0095,MMLU_moral_scenarios_ForWhichOf_0053,MMLU_college_physics_WhiteLightIs_0098,MMLU_college_physics_APhotonStrikes_0086",meta-llama/llama-4-scout
MMLU_ARRANGED_GROUP_040,"MMLU_college_physics_SoundWavesMoving_0089,MMLU_abstract_algebra_Statement1|_0033,MMLU_high_school_geography_WhichOfThe_0040,MMLU_global_facts_ThePercentageOf_0071",meta-llama/llama-4-scout
MMLU_ARRANGED_GROUP_041,"MMLU_college_physics_ElectromagneticRadiationEmitted_0062,MMLU_miscellaneous_HowManyMoles_0034,MMLU_formal_logic_UseIndirectTruth_0072,MMLU_abstract_algebra_FindTheOrder_0013",meta-llama/llama-4-scout
MMLU_ARRANGED_GROUP_042,"MMLU_business_ethics________And________0055,MMLU_business_ethics_ThereAreA_0034,MMLU_international_law_WhatWasThe_0042,MMLU_moral_scenarios_ForWhichOf_0049",meta-llama/llama-4-scout
MMLU_ARRANGED_GROUP_043,"MMLU_business_ethics_______RegulationGoes_0009,MMLU_miscellaneous_WhatDoYou_0038,MMLU_high_school_geography_WhichCropBegan_0081,MMLU_formal_logic_ConstructAComplete_0004",meta-llama/llama-4-scout
MMLU_ARRANGED_GROUP_044,"MMLU_college_physics_AHeatPump_0046,MMLU_international_law_WhatIsThe_0061,MMLU_high_school_mathematics_TheLongestSide_0058,MMLU_business_ethics_TheRelationshipBetween_0097",meta-llama/llama-4-scout
MMLU_ARRANGED_GROUP_045,"MMLU_abstract_algebra_FindTheMaximum_0094,MMLU_moral_scenarios_ForWhichOf_0038,MMLU_miscellaneous_AnAirplane'sBlack_0083,MMLU_business_ethics_WhenNegotiatingUsing_0044",meta-llama/llama-4-scout
MMLU_ARRANGED_GROUP_046,"MMLU_college_physics_IfTheTotal_0010,MMLU_abstract_algebra_Statement1|_0086,MMLU_miscellaneous_ASecond-yearCollege_0009,MMLU_high_school_mathematics_SupposeTheGraph_0036",meta-llama/llama-4-scout
MMLU_ARRANGED_GROUP_047,"MMLU_high_school_geography_WhichOfThe_0016,MMLU_high_school_geography_WhichOfThe_0034,MMLU_global_facts_WhatWasGdp_0002,MMLU_moral_scenarios_ForWhichOf_0059",meta-llama/llama-4-scout
MMLU_ARRANGED_GROUP_048,"MMLU_abstract_algebra_Statement1|_0062,MMLU_abstract_algebra_FindTheDegree_0001,MMLU_international_law_WhatIsThe_0045,MMLU_abstract_algebra_Statement1|_0011",meta-llama/llama-4-scout
MMLU_ARRANGED_GROUP_049,"MMLU_moral_scenarios_ForWhichOf_0074,MMLU_miscellaneous_InWhichOf_0062,MMLU_high_school_mathematics_HowManyNumbers_0081,MMLU_abstract_algebra_ComputeTheProduct_0037",meta-llama/llama-4-scout
MMLU_ARRANGED_GROUP_050,"MMLU_college_physics_WhichOfThe_0026,MMLU_international_law_WhatIsThe_0081,MMLU_high_school_geography_WhichGroupRepresents_0071,MMLU_high_school_geography_WhichOfThe_0074",meta-llama/llama-4-scout
MMLU_ARRANGED_GROUP_051,"MMLU_global_facts_AsOf2013,_0022,MMLU_global_facts_AsOf2019,_0044,MMLU_miscellaneous_TheAccumulationOf_0071,MMLU_college_physics_TheBestType_0052",meta-llama/llama-4-scout
MMLU_ARRANGED_GROUP_052,"MMLU_moral_scenarios_ForWhichOf_0072,MMLU_miscellaneous_ThePurposeOf_0069,MMLU_formal_logic_SelectTheBest_0029,MMLU_high_school_mathematics_Find$-\dfrac{1}{-3}\cdot\cfrac{1}{~\frac{1}{-3}~}.$_0093",meta-llama/llama-4-scout
MMLU_ARRANGED_GROUP_053,"MMLU_abstract_algebra_TheSetOf_0024,MMLU_high_school_geography_WhichTypeOf_0030,MMLU_international_law_HowCanCustomary_0043,MMLU_high_school_mathematics_IfXAnd_0062",meta-llama/llama-4-scout
MMLU_ARRANGED_GROUP_054,"MMLU_global_facts_WhatIsThe_0049,MMLU_college_physics_ASpringOf_0079,MMLU_business_ethics_TheyAreToo_0091,MMLU_international_law_IsTheUnlawful_0031",meta-llama/llama-4-scout
MMLU_ARRANGED_GROUP_055,"MMLU_business_ethics_TheIso26000_0068,MMLU_high_school_geography_TheTheoryThat_0057,MMLU_miscellaneous_AHard-edgePainting_0011,MMLU_college_physics_TwoSimplePendulums_0065",meta-llama/llama-4-scout
MMLU_ARRANGED_GROUP_056,"MMLU_moral_scenarios_ForWhichOf_0027,MMLU_formal_logic_SelectTheBest_0067,MMLU_high_school_mathematics_IfAClock_0087,MMLU_moral_scenarios_ForWhichOf_0077",meta-llama/llama-4-scout
MMLU_ARRANGED_GROUP_057,"MMLU_miscellaneous_WhichMoviePopularized_0016,MMLU_abstract_algebra_LetAAnd_0045,MMLU_high_school_mathematics_IfThereIs_0098,MMLU_high_school_mathematics_AnAntCrawls_0016",meta-llama/llama-4-scout
MMLU_ARRANGED_GROUP_058,"MMLU_moral_scenarios_ForWhichOf_0022,MMLU_moral_scenarios_ForWhichOf_0083,MMLU_formal_logic_UseTheFollowing_0085,MMLU_high_school_geography_IfIWanted_0083",meta-llama/llama-4-scout
MMLU_ARRANGED_GROUP_059,"MMLU_formal_logic_SelectTheBest_0003,MMLU_business_ethics_The________Perspective_0087,MMLU_college_physics_WhichOfThe_0003,MMLU_high_school_mathematics_AnEquilateralTriangle_0088",meta-llama/llama-4-scout
MMLU_ARRANGED_GROUP_060,"MMLU_high_school_mathematics_HowManyWays_0034,MMLU_formal_logic_IdentifyTheAntecedent_0094,MMLU_moral_scenarios_ForWhichOf_0016,MMLU_college_physics_TheRestMass_0050",meta-llama/llama-4-scout
MMLU_ARRANGED_GROUP_061,"MMLU_formal_logic_SelectTheBest_0080,MMLU_high_school_geography_WhichUrbanModel_0024,MMLU_global_facts_AsOf2019,_0057,MMLU_miscellaneous_WhatKindOf_0027",meta-llama/llama-4-scout
MMLU_ARRANGED_GROUP_062,"MMLU_global_facts_AsOf2019,_0026,MMLU_high_school_geography_WhichFactorIn_0082,MMLU_global_facts_HowManyChildren_0061,MMLU_formal_logic_ConstructAComplete_0068",meta-llama/llama-4-scout
MMLU_ARRANGED_GROUP_063,"MMLU_global_facts_WorldBankData_0060,MMLU_moral_scenarios_ForWhichOf_0090,MMLU_college_physics_ANetForce_0054,MMLU_abstract_algebra_LetP=_0002",meta-llama/llama-4-scout
MMLU_ARRANGED_GROUP_064,"MMLU_global_facts_RossPerotMakes_0035,MMLU_moral_scenarios_ForWhichOf_0011,MMLU_miscellaneous_WhichOfThe_0063,MMLU_abstract_algebra_InTheGroup_0053",meta-llama/llama-4-scout
MMLU_ARRANGED_GROUP_065,"MMLU_college_physics_ExcitedStatesOf_0017,MMLU_international_law_WhichAreThe_0023,MMLU_abstract_algebra_Statement1|_0016,MMLU_formal_logic_WhichOfThe_0073",meta-llama/llama-4-scout
MMLU_ARRANGED_GROUP_066,"MMLU_miscellaneous_WhoWrote'a_0066,MMLU_college_physics_LightOfVariable_0031,MMLU_miscellaneous_WhichOfThe_0024,MMLU_high_school_mathematics_FindTheRemainder_0083",meta-llama/llama-4-scout
MMLU_ARRANGED_GROUP_067,"MMLU_high_school_geography_ALargeNode_0080,MMLU_international_law_TheEnforcementMechanism_0055,MMLU_high_school_geography_WhichTypeOf_0018,MMLU_high_school_mathematics_FebruaryOf2011_0079",meta-llama/llama-4-scout
MMLU_ARRANGED_GROUP_068,"MMLU_business_ethics_InABusiness_0098,MMLU_global_facts_WhichOfThe_0068,MMLU_abstract_algebra_Statement1|Every_0020,MMLU_college_physics_AProtonMoves_0029",meta-llama/llama-4-scout
MMLU_ARRANGED_GROUP_069,"MMLU_high_school_mathematics_Find$b$If_0057,MMLU_business_ethics_TheRiseIn_0086,MMLU_abstract_algebra_Statement1|_0070,MMLU_international_law_AreThereAny_0048",meta-llama/llama-4-scout
MMLU_ARRANGED_GROUP_070,"MMLU_international_law_IsThereAny_0013,MMLU_miscellaneous_PeopleAreSupposed_0081,MMLU_abstract_algebra_Statement1|_0054,MMLU_abstract_algebra_Statement1|_0006",meta-llama/llama-4-scout
MMLU_ARRANGED_GROUP_071,"MMLU_formal_logic_SelectTheBest_0047,MMLU_international_law_WhatIsThe_0086,MMLU_global_facts_In1987During_0058,MMLU_formal_logic_WhichOfThe_0060",meta-llama/llama-4-scout
MMLU_ARRANGED_GROUP_072,"MMLU_high_school_mathematics_Suppose$f(x)$Is_0005,MMLU_moral_scenarios_ForWhichOf_0066,MMLU_miscellaneous_WhatIsThe_0060,MMLU_business_ethics________TheoryCan_0023",meta-llama/llama-4-scout
MMLU_ARRANGED_GROUP_073,"MMLU_formal_logic_IdentifyTheConclusion_0099,MMLU_college_physics_LightOfVariable_0078,MMLU_moral_scenarios_ForWhichOf_0006,MMLU_international_law_HowTreatiesAre_0034",meta-llama/llama-4-scout
MMLU_ARRANGED_GROUP_074,"MMLU_high_school_geography_WhatIsThe_0026,MMLU_global_facts_WhichOfThe_0045,MMLU_miscellaneous_WhoWasPresident_0012,MMLU_abstract_algebra_Statement1|_0059",meta-llama/llama-4-scout
MMLU_ARRANGED_GROUP_075,"MMLU_college_physics_ThePrimarySource_0014,MMLU_high_school_geography_TheMultiplierEffect_0072,MMLU_business_ethics_ManagersAreEntrusted_0065,MMLU_formal_logic_ConstructAComplete_0024",meta-llama/llama-4-scout
MMLU_ARRANGED_GROUP_076,"MMLU_moral_scenarios_ForWhichOf_0008,MMLU_college_physics_TwoSpaceshipsApproach_0074,MMLU_moral_scenarios_ForWhichOf_0084,MMLU_high_school_mathematics_TheCoefficientOf_0096",meta-llama/llama-4-scout
MMLU_ARRANGED_GROUP_077,"MMLU_moral_scenarios_ForWhichOf_0097,MMLU_global_facts_InSub-saharanAfrica,_0059,MMLU_high_school_geography_OnWhichOf_0043,MMLU_global_facts_AsOf2019,_0094",meta-llama/llama-4-scout
MMLU_ARRANGED_GROUP_078,"MMLU_global_facts_ConsiderTheFollowing_0065,MMLU_abstract_algebra_If(g,.)_0032,MMLU_abstract_algebra_FindTheCharacteristic_0078,MMLU_miscellaneous_WhatIsThe_0048",meta-llama/llama-4-scout
MMLU_ARRANGED_GROUP_079,"MMLU_abstract_algebra_FindTheProduct_0005,MMLU_formal_logic_SelectTheBest_0053,MMLU_high_school_mathematics_WhatIsThe_0022,MMLU_business_ethics_TheComplexityOf_0056",meta-llama/llama-4-scout
MMLU_ARRANGED_GROUP_080,"MMLU_moral_scenarios_ForWhichOf_0010,MMLU_abstract_algebra_FindAllZeros_0010,MMLU_miscellaneous_TheNineteenth-centuryPhotographic_0055,MMLU_moral_scenarios_ForWhichOf_0052",meta-llama/llama-4-scout
MMLU_ARRANGED_GROUP_081,"MMLU_global_facts_WhichOfThe_0098,MMLU_abstract_algebra_Statement1|_0090,MMLU_high_school_mathematics_WhatIsThe_0031,MMLU_international_law_WhatIsThe_0015",meta-llama/llama-4-scout
MMLU_ARRANGED_GROUP_082,"MMLU_high_school_mathematics_Let$c$Be_0035,MMLU_international_law_WhatIsFunctional_0065,MMLU_college_physics_AMagneticField_0059,MMLU_abstract_algebra_FindTheGenerator_0058",meta-llama/llama-4-scout
MMLU_ARRANGED_GROUP_083,"MMLU_high_school_geography_WhichZoneContains_0004,MMLU_high_school_mathematics_TheMeanOf_0066,MMLU_global_facts_AsOf2019,_0076,MMLU_international_law_WhatIs'unilateral_0095",meta-llama/llama-4-scout
MMLU_ARRANGED_GROUP_084,"MMLU_miscellaneous_WhichValueIs_0049,MMLU_moral_scenarios_ForWhichOf_0037,MMLU_high_school_mathematics_WhatIsThe_0020,MMLU_high_school_geography_WhichOneOf_0088",meta-llama/llama-4-scout
MMLU_ARRANGED_GROUP_085,"MMLU_abstract_algebra_Statement1|_0061,MMLU_moral_scenarios_ForWhichOf_0039,MMLU_abstract_algebra_TheInverseOf_0017,MMLU_global_facts_Worldwide,30Year_0053",meta-llama/llama-4-scout
MMLU_ARRANGED_GROUP_086,"MMLU_business_ethics_WhichOfThe_0078,MMLU_formal_logic_WhichOfThe_0086,MMLU_college_physics_TheEmissionSpectrum_0090,MMLU_high_school_geography_WhichOfThe_0077",meta-llama/llama-4-scout
MMLU_ARRANGED_GROUP_087,"MMLU_international_law_WhatIsThe_0012,MMLU_college_physics_AnAirplaneDrops_0100,MMLU_international_law_IsRecognitionOf_0087,MMLU_high_school_geography_WhichOneOf_0054",meta-llama/llama-4-scout
MMLU_ARRANGED_GROUP_088,"MMLU_global_facts_AsOf2019,_0036,MMLU_high_school_geography_TheTendencyFor_0002,MMLU_miscellaneous_WhichOfThe_0064,MMLU_international_law_WhatIsThe_0066",meta-llama/llama-4-scout
MMLU_ARRANGED_GROUP_089,"MMLU_high_school_mathematics_If$f(x)=ax^6-bx^4+x-1$And_0019,MMLU_global_facts_AsOf2017,_0009,MMLU_high_school_mathematics_Let$n$Be_0017,MMLU_miscellaneous_TheAppleImac_0004",meta-llama/llama-4-scout
MMLU_ARRANGED_GROUP_090,"MMLU_high_school_geography_Ankara,TurkeyAnd_0068,MMLU_high_school_geography_TheFirstStage_0011,MMLU_moral_scenarios_ForWhichOf_0064,MMLU_high_school_mathematics_WhatIsThe_0008",meta-llama/llama-4-scout
MMLU_ARRANGED_GROUP_091,"MMLU_global_facts_AsOf2015,_0073,MMLU_international_law_WhichOfThe_0092,MMLU_high_school_mathematics_APoint$(x,y)$_0069,MMLU_high_school_mathematics_NineBagsOf_0085",meta-llama/llama-4-scout
MMLU_ARRANGED_GROUP_092,"MMLU_high_school_mathematics_Factor$36-9x^2$._0044,MMLU_international_law_WhatIsA_0084,MMLU_formal_logic_UseIndirectTruth_0036,MMLU_business_ethics_TheDegreeTo_0027",meta-llama/llama-4-scout
MMLU_ARRANGED_GROUP_093,"MMLU_high_school_geography_WhichGeographerViewed_0045,MMLU_high_school_geography_WhichTermDescribes_0038,MMLU_high_school_geography_WhichOfThe_0063,MMLU_high_school_geography_WhenACountry_0025",meta-llama/llama-4-scout
MMLU_ARRANGED_GROUP_094,"MMLU_abstract_algebra_Statement1|_0082,MMLU_formal_logic_SelectTheBest_0023,MMLU_global_facts_WhatIsThe_0006,MMLU_high_school_mathematics_Let$f(x)=\frac{(x-2)^2-9}{3}$.The_0056",meta-llama/llama-4-scout
MMLU_ARRANGED_GROUP_095,"MMLU_moral_scenarios_ForWhichOf_0005,MMLU_college_physics_WhichOfThe_0006,MMLU_college_physics_BlueLightOf_0045,MMLU_college_physics_ExcitedStatesOf_0005",meta-llama/llama-4-scout
MMLU_ARRANGED_GROUP_096,"MMLU_miscellaneous_TheLaborForce_0046,MMLU_business_ethics_BetterAccessTo_0025,MMLU_high_school_geography_TheMainFactor_0001,MMLU_high_school_geography_WhichOfThe_0005",meta-llama/llama-4-scout
MMLU_ARRANGED_GROUP_097,"MMLU_college_physics_AGratingSpectrometer_0051,MMLU_international_law_IsExtra-territorialAbduction_0096,MMLU_formal_logic_WhichOfThe_0051,MMLU_high_school_mathematics_HowManyUnique_0053",meta-llama/llama-4-scout
MMLU_ARRANGED_GROUP_098,"MMLU_moral_scenarios_ForWhichOf_0080,MMLU_formal_logic_WhichOfThe_0097,MMLU_global_facts_WhichOfThe_0004,MMLU_high_school_geography_WhichLanguageFamily_0067",meta-llama/llama-4-scout
MMLU_ARRANGED_GROUP_099,"MMLU_moral_scenarios_ForWhichOf_0076,MMLU_high_school_mathematics_Jane'sQuizScores_0014,MMLU_miscellaneous_WhichOfThese_0084,MMLU_abstract_algebra_ASubsetH_0068",meta-llama/llama-4-scout
MMLU_ARRANGED_GROUP_100,"MMLU_international_law_WhatIsThe_0073,MMLU_college_physics_IfTheSun_0032,MMLU_abstract_algebra_FindTheDegree_0036,MMLU_business_ethics__________,SuchAs_0028",meta-llama/llama-4-scout
MMLU_ARRANGED_GROUP_101,"MMLU_global_facts_TheGreatestPopulation_0081,MMLU_high_school_geography_EveryCountryWith_0096,MMLU_moral_scenarios_ForWhichOf_0026,MMLU_formal_logic_ConstructAComplete_0021",meta-llama/llama-4-scout
MMLU_ARRANGED_GROUP_102,"MMLU_international_law_WhatIsThe_0025,MMLU_miscellaneous_AnImportantSource_0001,MMLU_high_school_geography_TheProcessWhereby_0042,MMLU_global_facts_AsOf2017,_0096",meta-llama/llama-4-scout
MMLU_ARRANGED_GROUP_103,"MMLU_miscellaneous_InWhatCountry_0087,MMLU_global_facts_AsOf2019,_0007,MMLU_global_facts_AsOf2019,_0069,MMLU_miscellaneous_WhatDoesIt_0051",meta-llama/llama-4-scout
MMLU_ARRANGED_GROUP_104,"MMLU_international_law_WhatIsThe_0046,MMLU_moral_scenarios_ForWhichOf_0060,MMLU_high_school_mathematics_HowManyArithmetic_0010,MMLU_high_school_geography_InWhichZone_0056",meta-llama/llama-4-scout
MMLU_ARRANGED_GROUP_105,"MMLU_high_school_geography_TransnationalCorporationsDistribute_0033,MMLU_miscellaneous_WhatIsYour_0067,MMLU_miscellaneous_WhichOfThese_0075,MMLU_business_ethics_AlthoughCorporateProfit_0007",meta-llama/llama-4-scout
MMLU_ARRANGED_GROUP_106,"MMLU_formal_logic_UseTheFollowing_0061,MMLU_high_school_geography_WhichTypeOf_0085,MMLU_moral_scenarios_ForWhichOf_0013,MMLU_international_law_WhatIsThe_0079",meta-llama/llama-4-scout
MMLU_ARRANGED_GROUP_107,"MMLU_high_school_mathematics_WhatIsThe_0084,MMLU_business_ethics_BusinessesHave______0049,MMLU_international_law_DoIndividuals(physical)_0018,MMLU_miscellaneous_InPreparationFor_0002",meta-llama/llama-4-scout
MMLU_ARRANGED_GROUP_108,"MMLU_miscellaneous_WhichOfThe_0017,MMLU_formal_logic_ConstructAComplete_0007,MMLU_international_law_WhatIsThe_0014,MMLU_business_ethics_WhatDoesMilton_0008",meta-llama/llama-4-scout
MMLU_ARRANGED_GROUP_109,"MMLU_business_ethics__________AreIndividual_0090,MMLU_moral_scenarios_ForWhichOf_0100,MMLU_high_school_geography_TheDistanceNorth_0100,MMLU_formal_logic_ConstructAComplete_0043",meta-llama/llama-4-scout
MMLU_ARRANGED_GROUP_110,"MMLU_high_school_mathematics_IfF(x)_0063,MMLU_miscellaneous_WhatUsPresident_0032,MMLU_international_law_WhatWasThe_0032,MMLU_business_ethics_TheExtentTo_0043",meta-llama/llama-4-scout
MMLU_ARRANGED_GROUP_111,"MMLU_moral_scenarios_ForWhichOf_0081,MMLU_formal_logic_WhichOfThe_0013,MMLU_business_ethics_NegativeAdvertising,Stealing_0083,MMLU_high_school_mathematics_PositiveIntegers$x$_0011",meta-llama/llama-4-scout
MMLU_ARRANGED_GROUP_112,"MMLU_high_school_geography_WhichCountryFaces_0055,MMLU_business_ethics_TheExtentTo_0046,MMLU_global_facts_AtItsPeak,_0086,MMLU_college_physics_AUniformSolid_0091",meta-llama/llama-4-scout
MMLU_ARRANGED_GROUP_113,"MMLU_moral_scenarios_ForWhichOf_0048,MMLU_business_ethics_________ReasoningIs_0077,MMLU_abstract_algebra_TheSetOf_0019,MMLU_business_ethics_TheFocusOn_0082",meta-llama/llama-4-scout
MMLU_ARRANGED_GROUP_114,"MMLU_high_school_mathematics_TheBaseOf_0094,MMLU_miscellaneous_WhichOfThese_0037,MMLU_high_school_geography_TheBestDefinition_0015,MMLU_miscellaneous_WhichOfThe_0096",meta-llama/llama-4-scout
MMLU_ARRANGED_GROUP_115,"MMLU_high_school_geography_WhichOneOf_0039,MMLU_college_physics_WhiteLightIs_0002,MMLU_global_facts_In1997,The_0023,MMLU_business_ethics_TheRightTo_0016",meta-llama/llama-4-scout
MMLU_ARRANGED_GROUP_116,"MMLU_moral_scenarios_ForWhichOf_0014,MMLU_formal_logic_SelectTheBest_0042,MMLU_abstract_algebra_LetGDenoted_0026,MMLU_formal_logic_SelectTheBest_0056",meta-llama/llama-4-scout
MMLU_ARRANGED_GROUP_117,"MMLU_college_physics_AThree-dimensionalHarmonic_0035,MMLU_abstract_algebra_FindAllCosets_0092,MMLU_moral_scenarios_ForWhichOf_0028,MMLU_high_school_geography_WhichOfThe_0069",meta-llama/llama-4-scout
MMLU_ARRANGED_GROUP_118,"MMLU_abstract_algebra_Statement1|_0051,MMLU_high_school_mathematics_WhatIsThe_0097,MMLU_international_law_WhatAreSelf-executing_0057,MMLU_college_physics_TheMeanKinetic_0076",meta-llama/llama-4-scout
MMLU_ARRANGED_GROUP_119,"MMLU_business_ethics_A(n)__________Is_0040,MMLU_moral_scenarios_ForWhichOf_0091,MMLU_formal_logic_SelectTheBest_0006,MMLU_formal_logic_SelectTheBest_0040",meta-llama/llama-4-scout
MMLU_ARRANGED_GROUP_120,"MMLU_high_school_mathematics_SupposeThat$f(x)$_0068,MMLU_miscellaneous_InTheFilm_0010,MMLU_formal_logic_SelectTheBest_0002,MMLU_international_law_IsThereAny_0019",meta-llama/llama-4-scout
MMLU_ARRANGED_GROUP_121,"MMLU_college_physics_WhichOfThe_0087,MMLU_college_physics_TwoStudentsPerform_0056,MMLU_abstract_algebra_FindTheDegree_0009,MMLU_moral_scenarios_ForWhichOf_0096",meta-llama/llama-4-scout
MMLU_ARRANGED_GROUP_122,"MMLU_business_ethics_TheAnglo-americanModel_0020,MMLU_formal_logic_WhichOfThe_0027,MMLU_business_ethics_SustainabilityCanBroadly_0038,MMLU_global_facts_AsOf2015,_0083",meta-llama/llama-4-scout
MMLU_ARRANGED_GROUP_123,"MMLU_business_ethics_ACompanyMay_0067,MMLU_abstract_algebra_ComputeTheProduct_0018,MMLU_international_law_WhatIsThe_0070,MMLU_high_school_mathematics_WhatIsThe_0039",meta-llama/llama-4-scout
MMLU_ARRANGED_GROUP_124,"MMLU_formal_logic_UseIndirectTruth_0014,MMLU_global_facts_AsOf2018,_0050,MMLU_business_ethics_________IsThe_0045,MMLU_global_facts_In2018,About_0031",meta-llama/llama-4-scout
MMLU_ARRANGED_GROUP_125,"MMLU_formal_logic_SelectTheBest_0065,MMLU_moral_scenarios_ForWhichOf_0001,MMLU_formal_logic_SelectTheBest_0059,MMLU_international_law_WhatIsAn_0076",meta-llama/llama-4-scout
MMLU_ARRANGED_GROUP_126,"MMLU_high_school_mathematics_WhichStatementIs_0077,MMLU_formal_logic_UseIndirectTruth_0058,MMLU_moral_scenarios_ForWhichOf_0093,MMLU_global_facts_AsOf2020,_0013",meta-llama/llama-4-scout
MMLU_ARRANGED_GROUP_127,"MMLU_high_school_mathematics_ABoxContains_0046,MMLU_high_school_geography_WhichOfThe_0044,MMLU_formal_logic_IdentifyTheAntecedent_0092,MMLU_college_physics_AtThePresent_0069",meta-llama/llama-4-scout
MMLU_ARRANGED_GROUP_128,"MMLU_college_physics_AResistorIn_0041,MMLU_high_school_geography_NationalSportsTeams,_0041,MMLU_miscellaneous_WhichOfThese_0041,MMLU_college_physics_TheEnergyRequired_0068",meta-llama/llama-4-scout
MMLU_ARRANGED_GROUP_129,"MMLU_abstract_algebra_Statement1|_0057,MMLU_college_physics_ConsiderThreeIdentical,_0007,MMLU_high_school_mathematics_TheLengthOf_0002,MMLU_formal_logic_ConstructAComplete_0074",meta-llama/llama-4-scout
MMLU_ARRANGED_GROUP_130,"MMLU_college_physics_A10Kg_0077,MMLU_business_ethics________LocateMorality_0074,MMLU_formal_logic_WhichOfThe_0010,MMLU_college_physics_ConsiderAnElectron_0082",meta-llama/llama-4-scout
MMLU_ARRANGED_GROUP_131,"MMLU_miscellaneous_InTheFamous_0082,MMLU_high_school_mathematics_FindTheSum_0040,MMLU_high_school_mathematics_WhenTheGraph_0089,MMLU_international_law_WhatIsThe_0036",meta-llama/llama-4-scout
MMLU_ARRANGED_GROUP_132,"MMLU_college_physics_TheSuspensionCable_0071,MMLU_formal_logic_UseIndirectTruth_0079,MMLU_business_ethics_ManagersAndDirectors_0070,MMLU_formal_logic_SelectTheBest_0066",meta-llama/llama-4-scout
MMLU_ARRANGED_GROUP_133,"MMLU_miscellaneous_BeforeHeWent_0079,MMLU_abstract_algebra_Statement1|_0079,MMLU_moral_scenarios_ForWhichOf_0031,MMLU_miscellaneous_In1978Who_0097",meta-llama/llama-4-scout
MMLU_ARRANGED_GROUP_134,"MMLU_high_school_mathematics_CarlosMontadoWas_0025,MMLU_abstract_algebra_TheElement(4,_0099,MMLU_miscellaneous_InTraditionalEnglish_0057,MMLU_formal_logic_SelectTheBest_0064",meta-llama/llama-4-scout
MMLU_ARRANGED_GROUP_135,"MMLU_high_school_mathematics_If$(2x+_0074,MMLU_international_law_AreAllActs_0029,MMLU_international_law_WhichOfThe_0038,MMLU_high_school_mathematics_Let$a\starB_0078",meta-llama/llama-4-scout
MMLU_ARRANGED_GROUP_136,"MMLU_abstract_algebra_ThePolynomialX^4_0069,MMLU_international_law_WhatIsThe_0006,MMLU_high_school_mathematics_BacteriaInA_0061,MMLU_global_facts_AsOf2013,_0078",meta-llama/llama-4-scout
MMLU_ARRANGED_GROUP_137,"MMLU_high_school_geography_JohnnyAndSusie_0090,MMLU_abstract_algebra_Statement1|_0031,MMLU_formal_logic_WhichOfThe_0076,MMLU_moral_scenarios_ForWhichOf_0024",meta-llama/llama-4-scout
MMLU_ARRANGED_GROUP_138,"MMLU_global_facts_AboutHowMany_0046,MMLU_high_school_mathematics_HowManyWays_0023,MMLU_moral_scenarios_ForWhichOf_0023,MMLU_high_school_mathematics_AsPunishmentFor_0051",meta-llama/llama-4-scout
MMLU_ARRANGED_GROUP_139,"MMLU_business_ethics_WhatTermCan_0048,MMLU_formal_logic_ConstructAComplete_0091,MMLU_high_school_geography_WhichOfThe_0091,MMLU_miscellaneous_ABusinessTeacher_0056",meta-llama/llama-4-scout
MMLU_ARRANGED_GROUP_140,"MMLU_high_school_mathematics_WhatIsThe_0054,MMLU_abstract_algebra_Statement1|_0047,MMLU_college_physics_TheBestType_0004,MMLU_college_physics_ElectromagneticRadiationProvides_0015",meta-llama/llama-4-scout
MMLU_ARRANGED_GROUP_141,"MMLU_high_school_geography_WhatIsThe_0012,MMLU_miscellaneous_WhatKindOf_0031,MMLU_business_ethics_WhatAre,According_0079,MMLU_abstract_algebra_Statement1|_0081",meta-llama/llama-4-scout
MMLU_ARRANGED_GROUP_142,"MMLU_international_law_WhichIsA_0008,MMLU_moral_scenarios_ForWhichOf_0033,MMLU_international_law_WhatIsThe_0088,MMLU_global_facts_AsOf2019,_0003",meta-llama/llama-4-scout
MMLU_ARRANGED_GROUP_143,"MMLU_college_physics_AGasCell_0042,MMLU_global_facts_AsOf2015,_0041,MMLU_international_law_WhatIsThe_0021,MMLU_high_school_mathematics_InTheEquation_0065",meta-llama/llama-4-scout
MMLU_ARRANGED_GROUP_144,"MMLU_global_facts_AsOf2017,_0084,MMLU_business_ethics________,WhereActors_0059,MMLU_moral_scenarios_ForWhichOf_0055,MMLU_global_facts_AsOf2019,_0055",meta-llama/llama-4-scout
MMLU_ARRANGED_GROUP_145,"MMLU_business_ethics_What,AccordingTo_0011,MMLU_miscellaneous_WhatIsThe_0052,MMLU_miscellaneous_WhichOfThe_0008,MMLU_high_school_geography_WhichOfThe_0049",meta-llama/llama-4-scout
MMLU_ARRANGED_GROUP_146,"MMLU_international_law_WhatIsThe_0028,MMLU_miscellaneous_WhatIsVaricella?_0007,MMLU_high_school_geography_TheOutlyingArea_0014,MMLU_formal_logic_UseIndirectTruth_0098",meta-llama/llama-4-scout
MMLU_ARRANGED_GROUP_147,"MMLU_abstract_algebra_Statement1|_0087,MMLU_business_ethics_______AreThe_0003,MMLU_international_law_WhoIsA_0069,MMLU_high_school_geography_APopulationPyramid,_0028",meta-llama/llama-4-scout
MMLU_ARRANGED_GROUP_148,"MMLU_miscellaneous_InWhatForest_0092,MMLU_college_physics_TheSignOf_0013,MMLU_international_law_IsThereAny_0059,MMLU_high_school_geography_AllTheFollowing_0006",meta-llama/llama-4-scout
MMLU_ARRANGED_GROUP_149,"MMLU_international_law_WhatDoesThe_0090,MMLU_abstract_algebra_Statement1|_0100,MMLU_formal_logic_WhichOfThe_0052,MMLU_high_school_geography_ARejectionOf_0093",meta-llama/llama-4-scout
MMLU_ARRANGED_GROUP_150,"MMLU_formal_logic_ConstructAComplete_0100,MMLU_high_school_mathematics_Compute$\dbinom{85}{82}$._0037,MMLU_miscellaneous_WhatAreThe_0070,MMLU_miscellaneous_WhichOfThe_0019",meta-llama/llama-4-scout
MMLU_ARRANGED_GROUP_151,"MMLU_miscellaneous_WhichOfThese_0094,MMLU_moral_scenarios_ForWhichOf_0018,MMLU_high_school_mathematics_AtBreakfast,Lunch,_0004,MMLU_business_ethics_______IsAn_0004",meta-llama/llama-4-scout
MMLU_ARRANGED_GROUP_152,"MMLU_college_physics_TheEnergyFrom_0040,MMLU_moral_scenarios_ForWhichOf_0040,MMLU_business_ethics_TheRaceTo_0064,MMLU_miscellaneous_What'sTheThird_0077",meta-llama/llama-4-scout
MMLU_ARRANGED_GROUP_153,"MMLU_international_law_WhatIsDualism?_0039,MMLU_miscellaneous_APieceOf_0029,MMLU_international_law_IsPiracyUnder_0056,MMLU_abstract_algebra_LetAAnd_0085",meta-llama/llama-4-scout
MMLU_ARRANGED_GROUP_154,"MMLU_international_law_TheUnVienna_0011,MMLU_global_facts_In1935Roughly_0067,MMLU_formal_logic_UseTheFollowing_0048,MMLU_global_facts_AsOf2018,_0072",meta-llama/llama-4-scout
MMLU_ARRANGED_GROUP_155,"MMLU_formal_logic_SelectTheBest_0046,MMLU_college_physics_TheSignOf_0025,MMLU_abstract_algebra_SomeGroup(g,_0034,MMLU_college_physics_AMeterStick_0019",meta-llama/llama-4-scout
MMLU_ARRANGED_GROUP_156,"MMLU_high_school_mathematics_TheDomainOf_0048,MMLU_miscellaneous_WhichOfThe_0013,MMLU_college_physics_ByDefinition,The_0037,MMLU_global_facts_AsOf2016,_0016",meta-llama/llama-4-scout
MMLU_ARRANGED_GROUP_157,"MMLU_moral_scenarios_ForWhichOf_0041,MMLU_college_physics_AnAtomHas_0022,MMLU_business_ethics________CanBe_0005,MMLU_high_school_geography_WhichOfThe_0053",meta-llama/llama-4-scout
MMLU_ARRANGED_GROUP_158,"MMLU_high_school_geography_WhichOfThe_0060,MMLU_formal_logic_IdentifyTheConclusion_0041,MMLU_formal_logic_ConstructAComplete_0057,MMLU_college_physics_InTheDiamond_0011",meta-llama/llama-4-scout
MMLU_ARRANGED_GROUP_159,"MMLU_college_physics_ProtonsUsedIn_0008,MMLU_miscellaneous_InAnAdult_0068,MMLU_college_physics_AnOrganPipe,_0063,MMLU_formal_logic_WhichOfThe_0093",meta-llama/llama-4-scout
MMLU_ARRANGED_GROUP_160,"MMLU_international_law_WhatIsA_0030,MMLU_moral_scenarios_ForWhichOf_0045,MMLU_global_facts_AsOf2017,_0099,MMLU_global_facts_WhichOfThe_0091",meta-llama/llama-4-scout
MMLU_ARRANGED_GROUP_161,"MMLU_college_physics_InANonrelativistic,_0097,MMLU_high_school_geography_WhichOfThe_0084,MMLU_global_facts_In1965How_0021,MMLU_international_law_WhenCoastalStates_0035",meta-llama/llama-4-scout
MMLU_ARRANGED_GROUP_162,"MMLU_abstract_algebra_(z,*)IsA_0071,MMLU_formal_logic_IdentifyTheAntecedent_0039,MMLU_abstract_algebra_ForT:Z_0088,MMLU_business_ethics_Cso'sFrequentlySpend_0063",meta-llama/llama-4-scout
MMLU_ARRANGED_GROUP_163,"MMLU_international_law_WhatIsThe_0075,MMLU_abstract_algebra_FindTheMaximum_0015,MMLU_formal_logic_IdentifyTheAntecedent_0055,MMLU_abstract_algebra_Statement1|_0029",meta-llama/llama-4-scout
MMLU_ARRANGED_GROUP_164,"MMLU_miscellaneous_WhatPartOf_0028,MMLU_high_school_geography_WhichOfThe_0009,MMLU_global_facts_In2017,About_0066,MMLU_formal_logic_WhichOfThe_0033",meta-llama/llama-4-scout
MMLU_ARRANGED_GROUP_165,"MMLU_abstract_algebra_Statement1|_0077,MMLU_high_school_mathematics_AMeteorologistReports_0007,MMLU_high_school_geography_InWhichOf_0050,MMLU_moral_scenarios_ForWhichOf_0009",meta-llama/llama-4-scout
MMLU_ARRANGED_GROUP_166,"MMLU_business_ethics_AccordingCarrollWhat_0050,MMLU_abstract_algebra_Statement1|_0027,MMLU_miscellaneous_WhatDoesThe_0098,MMLU_college_physics_AStudentMakes_0036",meta-llama/llama-4-scout
MMLU_ARRANGED_GROUP_167,"MMLU_college_physics_UnpolarizedLightIs_0088,MMLU_high_school_mathematics_AGroupOf_0043,MMLU_high_school_mathematics_APositiveInteger_0003,MMLU_high_school_mathematics_JohnNoticedThat_0091",meta-llama/llama-4-scout
MMLU_ARRANGED_GROUP_168,"MMLU_college_physics_ARodMeasures_0028,MMLU_formal_logic_WhichOfThe_0081,MMLU_high_school_geography_TheSacredBook_0073,MMLU_global_facts_WhichOfThe_0037",meta-llama/llama-4-scout
MMLU_ARRANGED_GROUP_169,"MMLU_formal_logic_UseIndirectTruth_0045,MMLU_miscellaneous_OperantConditioningWould_0040,MMLU_international_law_AreStatesUnder_0074,MMLU_miscellaneous_WhatImportantFood_0088",meta-llama/llama-4-scout
MMLU_ARRANGED_GROUP_170,"MMLU_high_school_geography_WhenWeTalk_0099,MMLU_business_ethics_AStakeholderOrientation_0030,MMLU_college_physics_TheEigenvaluesOf_0053,MMLU_miscellaneous_ForWhatPurpose_0036",meta-llama/llama-4-scout
MMLU_ARRANGED_GROUP_171,"MMLU_miscellaneous_WhatIsA_0050,MMLU_business_ethics_ThePrivateSector_0093,MMLU_college_physics_AccordingToThe_0066,MMLU_international_law_WhenAreCountermeasures_0100",meta-llama/llama-4-scout
MMLU_ARRANGED_GROUP_172,"MMLU_miscellaneous_AWellOn_0078,MMLU_moral_scenarios_ForWhichOf_0019,MMLU_business_ethics________IsA_0089,MMLU_abstract_algebra_Statement1|_0080",meta-llama/llama-4-scout
MMLU_ARRANGED_GROUP_173,"MMLU_business_ethics_ACorporationIs_0012,MMLU_high_school_geography_WhichOfThe_0064,MMLU_college_physics_CharacteristicXRays,_0021,MMLU_moral_scenarios_ForWhichOf_0003",meta-llama/llama-4-scout
MMLU_ARRANGED_GROUP_174,"MMLU_business_ethics_WhichOfThe_0060,MMLU_college_physics_TheSpeedOf_0039,MMLU_international_law_WhatIsThe_0024,MMLU_business_ethics_InOrderTo_0032",meta-llama/llama-4-scout
MMLU_ARRANGED_GROUP_175,"MMLU_abstract_algebra_Statement1|_0030,MMLU_abstract_algebra_Statement1|_0040,MMLU_college_physics_UnderIdealConditions,_0055,MMLU_moral_scenarios_ForWhichOf_0029",meta-llama/llama-4-scout
MMLU_ARRANGED_GROUP_176,"MMLU_business_ethics_ThePurposesFor_0092,MMLU_global_facts_WhichOfThe_0014,MMLU_abstract_algebra_HowManyHomomorphisms_0065,MMLU_international_law_AreThePeremptory_0053",meta-llama/llama-4-scout
MMLU_ARRANGED_GROUP_177,"MMLU_international_law_WhichPersonsAre_0078,MMLU_high_school_mathematics_TheRateAt_0028,MMLU_abstract_algebra_Statement1|_0076,MMLU_global_facts_TheGlobalHiv/aids_0082",meta-llama/llama-4-scout
MMLU_ARRANGED_GROUP_178,"MMLU_formal_logic_ConstructAComplete_0088,MMLU_formal_logic_SelectTheBest_0070,MMLU_college_physics_TheHydrogenLines_0072,MMLU_miscellaneous_InWhatSport_0058",meta-llama/llama-4-scout
MMLU_ARRANGED_GROUP_179,"MMLU_miscellaneous_WhichOfThe_0091,MMLU_miscellaneous_HowMuchEnergy_0065,MMLU_global_facts_WhatIsThe_0038,MMLU_abstract_algebra_Statement1|_0067",meta-llama/llama-4-scout
MMLU_ARRANGED_GROUP_180,"MMLU_miscellaneous_WhatIsThe_0033,MMLU_college_physics_A10Kg_0073,MMLU_miscellaneous_WhichOfThe_0073,MMLU_business_ethics_UnderEthical_________0075",meta-llama/llama-4-scout
MMLU_ARRANGED_GROUP_181,"MMLU_high_school_mathematics_Define$f(x)=\frac{1+x}{1-x}$And_0090,MMLU_college_physics_OneEndOf_0018,MMLU_global_facts_ControllingForInflation_0005,MMLU_moral_scenarios_ForWhichOf_0068",meta-llama/llama-4-scout
MMLU_ARRANGED_GROUP_182,"MMLU_business_ethics_TheTheoryOf_0022,MMLU_high_school_geography_TheKeyFactor_0022,MMLU_abstract_algebra_Statement1|_0096,MMLU_moral_scenarios_ForWhichOf_0067",meta-llama/llama-4-scout
MMLU_ARRANGED_GROUP_183,"MMLU_high_school_geography_WhichOfThe_0078,MMLU_moral_scenarios_ForWhichOf_0047,MMLU_formal_logic_SelectTheBest_0090,MMLU_global_facts_TheConjectureThat_0052",meta-llama/llama-4-scout
MMLU_ARRANGED_GROUP_184,"MMLU_international_law_TheEuropeanConvention_0071,MMLU_business_ethics_AccordingToMitchell_0054,MMLU_college_physics_WhichOfThe_0016,MMLU_high_school_geography_WhichOfThe_0035",meta-llama/llama-4-scout
MMLU_ARRANGED_GROUP_185,"MMLU_formal_logic_ConstructAComplete_0096,MMLU_business_ethics_TypicalAdvertisingRegulatory_0002,MMLU_global_facts_AsOf2017,_0095,MMLU_abstract_algebra_Statement1|_0008",meta-llama/llama-4-scout
MMLU_ARRANGED_GROUP_186,"MMLU_high_school_geography_WhichGroupEnacted_0027,MMLU_high_school_geography_WhichOfThe_0058,MMLU_college_physics_UnderCertainConditions,_0094,MMLU_international_law_WhatIsThe_0054",meta-llama/llama-4-scout
MMLU_ARRANGED_GROUP_187,"MMLU_global_facts_AsOf2017,_0027,MMLU_moral_scenarios_ForWhichOf_0098,MMLU_abstract_algebra_IfA=_0064,MMLU_formal_logic_SelectTheBest_0020",meta-llama/llama-4-scout
MMLU_ARRANGED_GROUP_188,"MMLU_miscellaneous_InTheUnited_0099,MMLU_moral_scenarios_ForWhichOf_0042,MMLU_high_school_geography_WhatIsThe_0092,MMLU_high_school_mathematics_WhatIsThe_0033",meta-llama/llama-4-scout
MMLU_ARRANGED_GROUP_189,"MMLU_global_facts_ManyCountriesThat_0097,MMLU_formal_logic_WhichOfThe_0009,MMLU_college_physics_ATubeOf_0049,MMLU_high_school_mathematics_JohnDividedHis_0049",meta-llama/llama-4-scout
MMLU_ARRANGED_GROUP_190,"MMLU_international_law_IsTheJurisdiction_0072,MMLU_abstract_algebra_WhichOfThe_0093,MMLU_abstract_algebra_Statement1|_0021,MMLU_miscellaneous_WhichOfThese_0025",meta-llama/llama-4-scout
MMLU_ARRANGED_GROUP_191,"MMLU_business_ethics_WhatIsThe_0018,MMLU_moral_scenarios_ForWhichOf_0044,MMLU_moral_scenarios_ForWhichOf_0085,MMLU_abstract_algebra_ThePolynomialX^3_0014",meta-llama/llama-4-scout
MMLU_ARRANGED_GROUP_192,"MMLU_global_facts_BeforeBeingReelected_0075,MMLU_international_law_WhatIsAn_0085,MMLU_formal_logic_SelectTheBest_0035,MMLU_high_school_geography_WhichPairOf_0023",meta-llama/llama-4-scout
MMLU_ARRANGED_GROUP_193,"MMLU_high_school_geography_WhichOfThe_0097,MMLU_formal_logic_UseIndirectTruth_0015,MMLU_high_school_mathematics_TheLeastCommon_0059,MMLU_high_school_geography_TheVoluntaryAssociation_0021",meta-llama/llama-4-scout
MMLU_ARRANGED_GROUP_194,"MMLU_miscellaneous_ATriadOn_0089,MMLU_moral_scenarios_ForWhichOf_0078,MMLU_abstract_algebra_Statement1|_0075,MMLU_miscellaneous_TheDemandFor_0042",meta-llama/llama-4-scout
MMLU_ARRANGED_GROUP_195,"MMLU_formal_logic_IdentifyTheAntecedent_0017,MMLU_international_law_WhatIsThe_0064,MMLU_abstract_algebra_Statement1|_0066,MMLU_moral_scenarios_ForWhichOf_0057",meta-llama/llama-4-scout
MMLU_ARRANGED_GROUP_196,"MMLU_international_law_WhatIsThe_0002,MMLU_high_school_geography_TheConcentrationOf_0066,MMLU_high_school_geography_TheMajorityOf_0031,MMLU_high_school_geography_AllOfThe_0032",meta-llama/llama-4-scout
MMLU_ARRANGED_GROUP_197,"MMLU_college_physics_ANonrelativisticParticle_0099,MMLU_abstract_algebra_FindAllC_0048,MMLU_abstract_algebra_Statement1|_0044,MMLU_high_school_mathematics_ToPlaceThe_0045",meta-llama/llama-4-scout
MMLU_ARRANGED_GROUP_198,"MMLU_global_facts_AsOf2013,_0087,MMLU_global_facts_AboutWhatPercentage_0033,MMLU_abstract_algebra_Statement1|_0004,MMLU_global_facts_AsOf2016,_0001",meta-llama/llama-4-scout
MMLU_ARRANGED_GROUP_199,"MMLU_high_school_mathematics_If$888x+_0041,MMLU_business_ethics_CulturalHomogenization._0071,MMLU_high_school_geography_WhatIsThe_0013,MMLU_high_school_geography_AStrongMovement_0051",meta-llama/llama-4-scout
MMLU_ARRANGED_GROUP_200,"MMLU_high_school_mathematics_WhatValueOf_0099,MMLU_business_ethics_TheStateOf_0053,MMLU_formal_logic_SelectTheBest_0016,MMLU_moral_scenarios_ForWhichOf_0075",meta-llama/llama-4-scout
MMLU_ARRANGED_GROUP_201,"MMLU_high_school_mathematics_HowManyPositive_0071,MMLU_high_school_mathematics_GivenThat$n_0012,MMLU_college_physics_AnObjectIs_0096,MMLU_high_school_mathematics_AntonHasTwo_0064",meta-llama/llama-4-scout
MMLU_ARRANGED_GROUP_202,"MMLU_global_facts_AtTheTime_0092,MMLU_college_physics_AParticleIs_0057,MMLU_business_ethics_AffirmativeActionInvolves_0051,MMLU_high_school_mathematics_ANumber’sPrime_0042",meta-llama/llama-4-scout
MMLU_ARRANGED_GROUP_203,"MMLU_formal_logic_IdentifyTheAntecedent_0054,MMLU_abstract_algebra_Statement1|_0007,MMLU_miscellaneous_WhatKindOf_0074,MMLU_formal_logic_SelectTheBest_0078",meta-llama/llama-4-scout
MMLU_ARRANGED_GROUP_204,"MMLU_global_facts_In1943How_0090,MMLU_international_law_WhichCaseWas_0051,MMLU_formal_logic_IdentifyTheConclusion_0071,MMLU_high_school_geography_TheRhineRiver_0029",meta-llama/llama-4-scout
MMLU_ARRANGED_GROUP_205,"MMLU_moral_scenarios_ForWhichOf_0025,MMLU_moral_scenarios_ForWhichOf_0079,MMLU_moral_scenarios_ForWhichOf_0036,MMLU_college_physics_AssumeThatThe_0024",meta-llama/llama-4-scout
MMLU_ARRANGED_GROUP_206,"MMLU_business_ethics_WhenTheTrue_0014,MMLU_moral_scenarios_ForWhichOf_0086,MMLU_miscellaneous_WhatWasRichard_0086,MMLU_global_facts_AsOf2019,_0056",meta-llama/llama-4-scout
MMLU_ARRANGED_GROUP_207,"MMLU_global_facts_ThePercentageOf_0064,MMLU_moral_scenarios_ForWhichOf_0094,MMLU_formal_logic_ConstructAComplete_0037,MMLU_global_facts_AboutWhatPercentage_0008",meta-llama/llama-4-scout
MMLU_ARRANGED_GROUP_208,"MMLU_high_school_geography_TheLatitudeAnd_0020,MMLU_miscellaneous_WhichOfThe_0043,MMLU_college_physics_At20°c,A_0033,MMLU_college_physics_AnObserverO_0080",meta-llama/llama-4-scout
MMLU_ARRANGED_GROUP_209,"MMLU_high_school_mathematics_SupposeTheGraph_0015,MMLU_formal_logic_UseIndirectTruth_0026,MMLU_global_facts_WhatIsThe_0047,MMLU_international_law_WhichOfThe_0020",meta-llama/llama-4-scout
MMLU_ARRANGED_GROUP_210,"MMLU_college_physics_TheFirstFive_0061,MMLU_international_law_WhoIsEntitled_0027,MMLU_global_facts_AsOf2017,_0010,MMLU_business_ethics_PredatoryPricing._0033",meta-llama/llama-4-scout
MMLU_ARRANGED_GROUP_211,"MMLU_international_law_WhatIsThe_0004,MMLU_college_physics_ProtonsUsedIn_0020,MMLU_high_school_geography_ToGetTo_0046,MMLU_abstract_algebra_Statement1|_0063",meta-llama/llama-4-scout
MMLU_ARRANGED_GROUP_212,"MMLU_abstract_algebra_FindTheDegree_0055,MMLU_college_physics_ByDefinition,The_0070,MMLU_global_facts_In2016,About_0020,MMLU_international_law_WhatIsThe_0077",meta-llama/llama-4-scout
MMLU_ARRANGED_GROUP_213,"MMLU_high_school_geography_TheTheoryThat_0070,MMLU_abstract_algebra_Statement1|_0095,MMLU_formal_logic_SelectTheBest_0069,MMLU_international_law_WhichOfThese_0005",meta-llama/llama-4-scout
MMLU_ARRANGED_GROUP_214,"MMLU_moral_scenarios_ForWhichOf_0061,MMLU_international_law_WhatIsThe_0022,MMLU_miscellaneous_WhichOfThe_0047,MMLU_high_school_geography_WhichOfThe_0075",meta-llama/llama-4-scout
MMLU_ARRANGED_GROUP_215,"MMLU_moral_scenarios_ForWhichOf_0099,MMLU_moral_scenarios_ForWhichOf_0087,MMLU_college_physics_LightFromA_0023,MMLU_formal_logic_WhichOfThe_0025",meta-llama/llama-4-scout
MMLU_ARRANGED_GROUP_216,"MMLU_international_law_WhatIsAn_0040,MMLU_high_school_mathematics_Simplify$\frac{k-3}{2}+_0086,MMLU_global_facts_DifferentLessDeveloped_0062,MMLU_formal_logic_IdentifyTheConclusion_0084",meta-llama/llama-4-scout
MMLU_ARRANGED_GROUP_217,"MMLU_business_ethics_WhichOfThe_0039,MMLU_international_law_WhichOfThe_0010,MMLU_business_ethics_Cognitive______Models_0036,MMLU_abstract_algebra_Statement1|_0049",meta-llama/llama-4-scout
MMLU_ARRANGED_GROUP_218,"MMLU_international_law_WhatFormsMay_0093,MMLU_formal_logic_SelectTheBest_0077,MMLU_global_facts_WhatIsThe_0070,MMLU_high_school_geography_WhatFamilyDo_0086",meta-llama/llama-4-scout
MMLU_ARRANGED_GROUP_219,"MMLU_high_school_geography_WhichOfThe_0076,MMLU_college_physics_TheSuspensionCable_0075,MMLU_college_physics_ASingle-electronAtom_0083,MMLU_global_facts_AsOf2017,_0054",meta-llama/llama-4-scout
MMLU_ARRANGED_GROUP_220,"MMLU_college_physics_AParticleDecays_0048,MMLU_miscellaneous_ATeacherProvides_0006,MMLU_abstract_algebra_FindTheDegree_0072,MMLU_formal_logic_SelectTheBest_0022",meta-llama/llama-4-scout
MMLU_ARRANGED_GROUP_221,"MMLU_business_ethics_TheUkPublic_0013,MMLU_high_school_geography_WhichOfThe_0065,MMLU_international_law_InOsmanV_0026,MMLU_high_school_mathematics_WhatIs$$\frac{-\frac{18}{7}}{-\frac{6}{5}}?$$_0072",meta-llama/llama-4-scout
MMLU_ARRANGED_GROUP_222,"MMLU_college_physics_TheEmissionSpectrum_0085,MMLU_international_law_WhatDimensionDid_0016,MMLU_formal_logic_IdentifyTheAntecedent_0008,MMLU_high_school_mathematics_Let$f(x)=3x+4$And_0092",meta-llama/llama-4-scout
MMLU_ARRANGED_GROUP_223,"MMLU_formal_logic_ConstructAComplete_0044,MMLU_high_school_mathematics_TheSymbol$5!$_0026,MMLU_miscellaneous_IfAPiece_0093,MMLU_high_school_mathematics_AVirusIs_0080",meta-llama/llama-4-scout
MMLU_ARRANGED_GROUP_224,"MMLU_high_school_geography_InAPostindustrial_0094,MMLU_miscellaneous_WhichOfThe_0044,MMLU_business_ethics_________IsThe_0019,MMLU_international_law_InWhatWay_0003",meta-llama/llama-4-scout
MMLU_ARRANGED_GROUP_225,"MMLU_business_ethics_Post-modernEthicsAssert_0081,MMLU_miscellaneous_Old-fashionedSteamEngines_0080,MMLU_international_law_WhatIsThe_0049,MMLU_business_ethics_The___________,Otherwise_0069",meta-llama/llama-4-scout
MMLU_ARRANGED_GROUP_226,"MMLU_college_physics_TwoIdenticalSatellites,_0095,MMLU_global_facts_ControllingForInflation_0039,MMLU_high_school_geography_RegionsShareAll_0052,MMLU_college_physics_TheSurfaceOf_0081",meta-llama/llama-4-scout
MMLU_ARRANGED_GROUP_227,"MMLU_global_facts_AboutWhatPercentage_0042,MMLU_miscellaneous_WhichOfThe_0045,MMLU_business_ethics_WhatAreThe_0015,MMLU_international_law_WhichPhilosopherCalled_0067",meta-llama/llama-4-scout
MMLU_ARRANGED_GROUP_228,"MMLU_moral_scenarios_ForWhichOf_0088,MMLU_international_law_AreTheProvisional_0099,MMLU_high_school_geography_TheLargestHindu_0037,MMLU_miscellaneous_AccordingToLegend_0020",meta-llama/llama-4-scout
MMLU_ARRANGED_GROUP_229,"MMLU_formal_logic_ConstructAComplete_0032,MMLU_business_ethics________EconomyIs_0021,MMLU_formal_logic_SelectTheBest_0083,MMLU_formal_logic_SelectTheBest_0011",meta-llama/llama-4-scout
MMLU_ARRANGED_GROUP_230,"MMLU_formal_logic_WhichOfThe_0087,MMLU_formal_logic_IdentifyTheAntecedent_0034,MMLU_business_ethics_______TheWorkplace_0084,MMLU_high_school_mathematics_Mr.PatrickIs_0055",meta-llama/llama-4-scout
MMLU_ARRANGED_GROUP_231,"MMLU_college_physics_ARodMeasures_0067,MMLU_formal_logic_SelectTheBest_0019,MMLU_college_physics_ASingle-electronAtom_0064,MMLU_moral_scenarios_ForWhichOf_0021",meta-llama/llama-4-scout
MMLU_ARRANGED_GROUP_232,"MMLU_international_law_WhatDoesIt_0044,MMLU_high_school_geography_WhatDoThe_0087,MMLU_college_physics_TheDriverOf_0047,MMLU_formal_logic_IdentifyTheConclusion_0001",meta-llama/llama-4-scout
MMLU_ARRANGED_GROUP_233,"MMLU_global_facts_PublicSpendingOn_0077,MMLU_high_school_mathematics_If3^(x–_0067,MMLU_high_school_mathematics_TheFirstTerm_0076,MMLU_global_facts_Overall,TheGrowth_0079",meta-llama/llama-4-scout
MMLU_ARRANGED_GROUP_234,"MMLU_high_school_mathematics_SolveForThe_0060,MMLU_international_law_WhatIsThe_0097,MMLU_abstract_algebra_FindTheMaximum_0050,MMLU_college_physics_WhichOfThe_0060",meta-llama/llama-4-scout
MMLU_ARRANGED_GROUP_235,"MMLU_global_facts_AsOf2020,_0089,MMLU_global_facts_ThePercentageOf_0063,MMLU_international_law_WhichOfThe_0050,MMLU_formal_logic_SelectTheBest_0050",meta-llama/llama-4-scout
MMLU_ARRANGED_GROUP_236,"MMLU_high_school_mathematics_ARelativeMaximum_0030,MMLU_global_facts_AsOf2013,_0093,MMLU_miscellaneous_AsSeenFrom_0061,MMLU_global_facts_ControllingForInflation_0034",meta-llama/llama-4-scout
MMLU_ARRANGED_GROUP_237,"MMLU_moral_scenarios_ForWhichOf_0017,MMLU_international_law_WhatWasThe_0091,MMLU_international_law_WhichOfThe_0063,MMLU_miscellaneous_MeatShouldBe_0030",meta-llama/llama-4-scout
MMLU_ARRANGED_GROUP_238,"MMLU_moral_scenarios_ForWhichOf_0002,MMLU_formal_logic_SelectTheBest_0095,MMLU_business_ethics_SomeOfKey_0076,MMLU_miscellaneous_DuringWhichOf_0021",meta-llama/llama-4-scout
MMLU_ARRANGED_GROUP_239,"MMLU_miscellaneous_WhichOfThe_0014,MMLU_formal_logic_SelectTheBest_0018,MMLU_abstract_algebra_FindAllZeros_0003,MMLU_moral_scenarios_ForWhichOf_0034",meta-llama/llama-4-scout
MMLU_ARRANGED_GROUP_240,"MMLU_high_school_mathematics_GivenThat$a$_0095,MMLU_business_ethics_AlthoughTheBenefit_0042,MMLU_high_school_mathematics_SupposeThatThe_0052,MMLU_business_ethics_TraditionallyConsumerRights_0052",meta-llama/llama-4-scout
MMLU_ARRANGED_GROUP_241,"MMLU_global_facts_AsOf2015,_0024,MMLU_formal_logic_SSelectThe_0089,MMLU_abstract_algebra_IfA=_0012,MMLU_high_school_mathematics_WhatIsThe_0021",meta-llama/llama-4-scout
MMLU_ARRANGED_GROUP_242,"MMLU_formal_logic_UseIndirectTruth_0031,MMLU_business_ethics_BusinessesEngageIn_0080,MMLU_international_law_WhatIsPassive_0062,MMLU_business_ethics_________IsAny_0057",meta-llama/llama-4-scout
MMLU_ARRANGED_GROUP_243,"MMLU_moral_scenarios_ForWhichOf_0058,MMLU_college_physics_A3-microfaradCapacitor_0093,MMLU_business_ethics________IsThe_0026,MMLU_business_ethics________SuchAs_0001",meta-llama/llama-4-scout
MMLU_ARRANGED_GROUP_244,"MMLU_business_ethics_TheSo-calledBric_0029,MMLU_miscellaneous_PaperWillBurn_0003,MMLU_miscellaneous_ATeacherReads_0015,MMLU_abstract_algebra_ComputeTheProduct_0089",meta-llama/llama-4-scout
MMLU_ARRANGED_GROUP_245,"MMLU_abstract_algebra_Statement1|_0025,MMLU_miscellaneous_WhichOfThese_0039,MMLU_international_law_WhatIsJus_0094,MMLU_high_school_mathematics_WhatIsThe_0029",meta-llama/llama-4-scout
MMLU_ARRANGED_GROUP_246,"MMLU_international_law_UnderWhatCircumstances_0089,MMLU_abstract_algebra_TheSetOf_0041,MMLU_miscellaneous_APitaIs_0059,MMLU_formal_logic_IdentifyTheAntecedent_0038",meta-llama/llama-4-scout
MMLU_ARRANGED_GROUP_247,"MMLU_high_school_geography_TheBirthOf_0062,MMLU_abstract_algebra_Statement1|_0084,MMLU_international_law_WhichStateOrdinarily_0001,MMLU_miscellaneous_AfterAVisit_0076",meta-llama/llama-4-scout
MMLU_ARRANGED_GROUP_248,"MMLU_abstract_algebra_Statement1|_0046,MMLU_abstract_algebra_Statement1|_0083,MMLU_high_school_geography_TheProcessOf_0059,MMLU_abstract_algebra_FindTheSum_0022",meta-llama/llama-4-scout
MMLU_ARRANGED_GROUP_249,"MMLU_global_facts_WhichOfThe_0025,MMLU_moral_scenarios_ForWhichOf_0015,MMLU_business_ethics__________SuchAs_0058,MMLU_business_ethics______IsA_0062",meta-llama/llama-4-scout
MMLU_ARRANGED_GROUP_250,"MMLU_moral_scenarios_ForWhichOf_0063,MMLU_business_ethics_WhichOfThe_0100,MMLU_high_school_mathematics_IfAPentagon_0001,MMLU_global_facts_AsOf2019,_0048",meta-llama/llama-4-scout
